,PSI,TETA,PHI,X_ECI,Y_ECI,Z_ECI,latitude,longitude,Data,Tempo,x,y,z,N1_X,N1_Y,N1_Z,N2_X,N2_Y,N2_Z,N3_X,N3_Y,N3_Z,N4_X,N4_Y,N4_Z,N5_X,N5_Y,N5_Z,N6_X,N6_Y,N6_Z
0,0.0,0.9005898940290742,0.0,6730.482119760476,0.0,0.0,0.0,0.0,2022-11-10 18:00:00,0.0,1.0,0.0,0.0,1.0,0.0,0.0,0.0,0.6211477802783103,0.7836934573258398,-1.0,0.0,0.0,0.0,-0.6211477802783103,-0.7836934573258398,0.0,0.7836934573258398,-0.6211477802783103,0.0,-0.7836934573258398,0.6211477802783103
1,0.0,0.9005898925366446,0.06798931675796366,6714.878349589191,256.20200866693574,379.8342479045264,3.235197703974693,1.9444037396681462,2022-11-10 18:01:00,60.0,0.0,1.0,0.0,0.9976896165971572,0.042198884668718024,0.05324174177216438,-0.06793694822567171,0.6197126919229476,0.7818828240442401,-0.9976896165971572,-0.042198884668718024,-0.05324174177216438,0.06793694822567171,-0.6197126919229476,-0.7818828240442401,0.0,0.7836934563988205,-0.6211477814479176,0.0,-0.7836934563988205,0.6211477814479176
2,0.0,0.9005898925369381,0.13597863352742284,6668.137450726422,511.2274401363037,757.9190562196609,6.465754899915917,3.902946636096206,2022-11-10 18:02:00,120.0,-1.0,0.0,0.0,0.9907691421300064,0.08420277813896522,0.10623746588022161,-0.1355599756674921,0.6154140545608822,0.7764592934893397,-0.9907691421300064,-0.08420277813896522,-0.10623746588022161,0.1355599756674921,-0.6154140545608822,-0.7764592934893397,0.0,0.7836934563990029,-0.6211477814476876,0.0,-0.7836934563990029,0.6211477814476876
3,0.0,0.9005898925372333,0.203967950294532,6590.466730827602,763.9146566041118,1132.527177796394,9.687040124802094,5.890135516110247,2022-11-10 18:03:00,180.0,0.0,-1.0,0.0,0.9792705544977323,0.12581759020544914,0.15874229143047458,-0.20255661207105546,0.6082717323630866,0.7674479256042754,-0.9792705544977323,-0.12581759020544914,-0.15874229143047458,0.20255661207105546,-0.6082717323630866,-0.7674479256042754,0.0,0.7836934563991862,-0.6211477814474562,0.0,-0.7836934563991862,0.6211477814474562
4,0.0,0.9005898925375314,0.2719572670601247,6482.208582012948,1013.1112598793684,1501.9451502776762,12.894176705054159,7.921048087259524,2022-11-10 18:04:00,240.0,0.0,0.0,-1.0,0.9632469859926399,0.1668510285264453,0.21051360586851,-0.26861728160357634,0.5983187283350522,0.7548903598188489,-0.9632469859926399,-0.1668510285264453,-0.21051360586851,0.26861728160357634,-0.5983187283350522,-0.7548903598188489,0.0,0.7836934563993714,-0.6211477814472226,0.0,-0.7836934563993714,0.6211477814472226
5,0.0,0.9005898925378337,0.33994658382460285,6343.839604311075,1257.6785076101974,1864.4798856945604,16.08190636186064,10.011635174038645,2022-11-10 18:05:00,300.0,0.0,0.0,1.0,0.942772477788369,0.20711348715247463,0.26131218602338646,-0.3334367333165007,0.585601032987523,0.7388446217163435,-0.942772477788369,-0.20711348715247463,-0.26131218602338646,0.3334367333165007,-0.585601032987523,-0.7388446217163435,0.0,0.7836934563995591,-0.6211477814469857,0.0,-0.7836934563995591,0.6211477814469857
6,0.0,0.9005898925381386,0.40793590058829027,6175.969411497914,1496.495757811296,2218.465301743805,19.244437580565886,12.179040470555798,2022-11-10 18:06:00,360.0,,,,0.9179416378128988,0.24641892265139462,0.31090330350238937,-0.39671545163929883,0.5701774118250753,0.7193848549108368,-0.9179416378128988,-0.24641892265139462,-0.31090330350238937,0.39671545163929883,-0.5701774118250753,-0.7193848549108368,0.0,0.7836934563997485,-0.6211477814467468,0.0,-0.7836934563997485,0.6211477814467468
7,0.0,0.9005898924749226,0.47592521734865895,5979.339088671266,1728.4649517999464,2562.269009621533,22.37527277405452,14.441940553249603,2022-11-10 18:07:00,420.0,,,,0.8888692035886726,0.28458571379298814,0.3590578092961833,-0.45816104036860106,0.552119133849477,0.6966009784127958,-0.8888692035886726,-0.28458571379298814,-0.3590578092961833,0.45816104036860106,-0.552119133849477,-0.6966009784127958,0.0,0.783693456360482,-0.6211477814962887,0.0,-0.783693456360482,0.6211477814962887
8,0.0,0.9005898924752247,0.5439145341133704,5754.81926274371,1952.5151411445615,2894.299066591625,25.46700763064918,16.820903822594026,2022-11-10 18:08:00,480.0,,,,0.8556895120513697,0.3214375006973532,0.4055531927019288,-0.5174895737744759,0.5315096420601475,0.6705982712711128,-0.8556895120513697,-0.3214375006973532,-0.4055531927019288,0.5174895737744759,-0.5315096420601475,-0.6705982712711128,0.0,0.7836934563606697,-0.621147781496052,0.0,-0.7836934563606697,0.621147781496052
9,0.0,0.9005898924755426,0.611903850875593,5503.4077408495705,2167.6070590603567,3213.0107937455064,28.511095487386925,19.33875984643571,2022-11-10 18:09:00,540.0,,,,0.8185558788214516,0.35680399986679867,0.45017460937495646,-0.5744269085330536,0.5084441681602919,0.6414968858980906,-0.8185558788214516,-0.35680399986679867,-0.45017460937495646,0.5744269085330536,-0.5084441681602919,-0.6414968858980906,0.0,0.7836934563608672,-0.6211477814958029,0.0,-0.7836934563608672,0.6211477814958029
10,0.0,0.9005898924758259,0.6798931676386369,5226.226666189959,2372.7377301140978,3516.9136496229703,31.497569432313473,22.020958296353477,2022-11-10 18:10:00,600.0,,,,0.7776398897570863,0.3905217909577033,0.49271587415647017,-0.6287099505006952,0.4830292923250822,0.6094312930079515,-0.7776398897570863,-0.3905217909577033,-0.49271587415647017,0.6287099505006952,-0.4830292923250822,-0.6094312930079515,0.0,0.7836934563610432,-0.6211477814955808,0.0,-0.7836934563610432,0.6211477814955808
11,0.0,0.9005898924761596,0.7478824843989867,4924.519140445859,2566.9451060278625,3804.578141373684,34.41471572496901,24.895876392780615,2022-11-10 18:11:00,660.0,,,,0.7331306081046498,0.42243507191850677,0.5329804137801991,-0.6800878703962498,0.45538245077051753,0.5745496602297584,-0.7331306081046498,-0.42243507191850677,-0.5329804137801991,0.6800878703962498,-0.45538245077051753,-0.5745496602297584,0.0,0.7836934563612504,-0.6211477814953192,0.0,-0.7836934563612504,0.6211477814953192
12,0.0,0.9005898924764866,0.8158718011592996,4599.645258967392,2749.312707047739,4074.6427426227333,37.248695099177915,27.995001523953253,2022-11-10 18:12:00,720.0,,,,0.6852337008738404,0.452396378921257,0.5707821751996769,-0.7283232628350822,0.42563139310343756,0.5370131674531703,-0.6852337008738404,-0.452396378921257,-0.5707821751996769,0.7283232628350822,-0.42563139310343756,-0.5370131674531703,0.0,0.7836934563614535,-0.621147781495063,0.0,-0.7836934563614535,0.621147781495063
13,0.0,0.9005898924767206,0.8838611179195168,4253.0775121876095,2918.974242599226,4325.820778802447,39.983115364203364,31.352866725517142,2022-11-10 18:13:00,780.0,,,,0.6341704885037511,0.4802672677531257,0.6059464852904595,-0.7731932433169043,0.3939135920236291,0.49699526205802835,-0.6341704885037511,-0.4802672677531257,-0.6059464852904595,0.7731932433169043,-0.3939135920236291,-0.49699526205802835,0.0,0.7836934563615989,-0.6211477814948796,0.0,-0.7836934563615989,0.6211477814948796
14,0.0,0.900589892476993,0.9518504346799502,3886.3955080778524,3075.118176288257,4556.907227693714,42.59857222759964,35.00654706870859,2022-11-10 18:14:00,840.0,,,,0.580176922190868,0.5059189535361942,0.6383108579759346,-0.8144904781255159,0.36037560809326125,0.4546808574530939,-0.580176922190868,-0.5059189535361942,-0.6383108579759346,0.8144904781255159,-0.36037560809326125,-0.4546808574530939,0.0,0.783693456361768,-0.6211477814946662,0.0,-0.783693456361768,0.6211477814946662
15,0.0,0.900589892477168,1.0198397514400928,3501.2799816602037,3216.992194518189,4766.7853743891765,45.072199270130625,38.99443591674316,2022-11-10 18:15:00,900.0,,,,0.5235024936145536,0.529232905812179,0.667725745036794,-0.8520241423688324,0.3251724125155338,0.41026547863485086,-0.5235024936145536,-0.529232905812179,-0.667725745036794,0.8520241423688324,-0.3251724125155338,-0.41026547863485086,0.0,0.7836934563618768,-0.621147781494529,0.0,-0.7836934563618768,0.621147781494529
16,0.0,0.9005898924773422,1.0878290682002398,3099.506068488722,3343.9075326036436,4954.433251842485,47.377306822857165,43.35392737176563,2022-11-10 18:16:00,960.0,,,,0.4644090820928922,0.5501013962443456,0.6940552271394969,-0.8856208017371979,0.2884666710478472,0.3639543587112755,-0.4644090820928922,-0.5501013962443456,-0.6940552271394969,0.8856208017371979,-0.2884666710478472,-0.3639543587112755,0.0,0.783693456361985,-0.6211477814943924,0.0,-0.783693456361985,0.6211477814943924
17,0.0,0.9005898924776715,1.1558183849605637,2682.9358302976843,3455.2431059730047,5118.92978885413,49.48324548221029,48.117582212091435,2022-11-10 18:17:00,1020.0,,,,0.4031697445001376,0.5684279964047465,0.717177641887266,-0.9151252139022801,0.25042799236181745,0.3159614905679737,-0.4031697445001376,-0.5684279964047465,-0.717177641887266,0.9151252139022801,-0.25042799236181745,-0.3159614905679737,0.0,0.7836934563621896,-0.6211477814941344,0.0,-0.7836934563621896,0.6211477814941344
18,0.0,0.9005898924779265,1.2238077017209872,2253.5100391714514,3550.4493925586903,5259.460585125132,51.35569776328715,53.30744790179395,2022-11-10 18:18:00,1080.0,,,,0.34006745353471685,0.5841280233478171,0.7369861459933866,-0.9404010458556569,0.21123214432138104,0.2665086380569644,-0.34006745353471685,-0.5841280233478171,-0.7369861459933866,0.9404010458556569,-0.21123214432138104,-0.2665086380569644,0.0,0.783693456362348,-0.6211477814939346,0.0,-0.783693456362348,0.6211477814939346
19,0.0,0.9005898921705566,1.29179701848142,1813.2392413767147,3629.0520095313805,5375.323228599025,52.95765779251865,58.927592751817244,2022-11-10 18:19:00,1140.0,,,,0.2753937901681862,0.5971289311418897,0.7533892087959221,-0.961331503872,0.1710602418665129,0.21582431122505427,-0.2753937901681862,-0.5971289311418897,-0.7533892087959221,0.961331503872,-0.1710602418665129,-0.21582431122505427,0.0,0.7836934561714258,-0.6211477817348183,0.0,-0.7836934561714258,0.6211477817348183
20,0.0,0.9005898921708535,1.3597863352437198,1364.1941408213675,3690.654928279395,5465.932071995031,54.251352699454216,64.9557463397635,2022-11-10 18:20:00,1200.0,,,,0.20944759631563648,0.607370645165515,0.7663110359304689,-0.9778198731860599,0.13009790984109856,0.16414271064343736,-0.20944759631563648,-0.607370645165515,-0.7663110359304689,0.9778198731860599,-0.13009790984109856,-0.16414271064343736,0.0,0.7836934561716102,-0.6211477817345856,0.0,-0.7836934561716102,0.6211477817345856
21,0.0,0.9005898921711777,1.4277756520052367,908.4953590736568,3734.9432738472888,5530.822387297344,55.20121547965243,71.3361611511988,2022-11-10 18:21:00,1260.0,,,,0.14253359396315232,0.6148058410727565,0.7756919184668406,-0.9897899648874741,0.08853442571283399,0.11170264487357251,-0.14253359396315232,-0.6148058410727565,-0.7756919184668406,0.9897899648874741,-0.08853442571283399,-0.11170264487357251,0.0,0.7836934561718116,-0.6211477817343316,0.0,-0.7836934561718116,0.6211477817343316
22,0.0,0.900589892171474,1.4957649687734833,448.30264669604185,3761.6856584520906,5569.653824786352,55.77768370493691,77.9768953767997,2022-11-10 18:22:00,1320.0,,,,0.07496097710420856,0.6194001625576607,0.7814885095349295,-0.9971864679745621,0.04656184464489976,0.058746427224827036,-0.07496097710420856,-0.6194001625576607,-0.7814885095349295,0.9971864679745621,-0.04656184464489976,-0.058746427224827036,0.0,0.7836934561719956,-0.6211477817340993,0.0,-0.7836934561719956,0.6211477817340993
23,0.0,0.9005898921717761,1.5637542855378217,-14.196364139267644,3770.7360052832278,5582.213110352529,55.96113041210279,84.75461143040916,2022-11-10 18:23:00,1380.0,,,,0.007041983054343251,0.6211323803310929,0.7836740244380268,-0.9999752049299334,0.004374112153212761,0.00551875603816421,-0.007041983054343251,-0.6211323803310929,-0.7836740244380268,0.9999752049299334,-0.004374112153212761,-0.00551875603816421,0.0,0.7836934561721833,-0.6211477817338626,0.0,-0.7836934561721833,0.6211477817338626
24,0.0,0.9005898921720773,1.6317436023021572,-476.79776171825324,3762.0348269042197,5568.41592855108,55.74487161657843,91.52779645974398,2022-11-10 18:24:00,1440.0,,,,-0.06090955035706898,0.619994490219017,0.7822383644218436,-0.9981432896509898,-0.03783383209068602,-0.04773441603323642,0.06090955035706898,-0.619994490219017,-0.7822383644218436,0.9981432896509898,0.03783383209068602,0.04773441603323642,0.0,0.7836934561723704,-0.6211477817336266,0.0,-0.7836934561723704,0.6211477817336266
25,0.0,0.9005898921723773,1.6997329190671993,-937.2931973103782,3735.6099300821143,5528.307949579981,55.13625805846606,98.15557366811348,2022-11-10 18:25:00,1500.0,,,,-0.12857963494068997,0.6159917501462387,0.7771881633364552,-0.9916991869909538,-0.07986695501949885,-0.10076701850007495,0.12857963494068997,-0.6159917501462387,-0.7771881633364552,0.9916991869909538,0.07986695501949885,0.10076701850007495,0.0,0.7836934561725567,-0.6211477817333915,0.0,-0.7836934561725567,0.6211477817333915
26,0.0,0.9005898921726743,1.767722235833285,-1393.4818456010844,3691.576531100055,5462.064976647743,54.15545696482364,104.51630992777893,2022-11-10 18:26:00,1560.0,,,,-0.1956555830161896,0.6091426558410957,0.7685467569832374,-0.9806726736452867,-0.12153103137421406,-0.15333400007345033,0.1956555830161896,-0.6091426558410957,-0.7685467569832374,0.9806726736452867,0.12153103137421406,0.15333400007345033,0.0,0.7836934561727412,-0.6211477817331588,0.0,-0.7836934561727412,0.6211477817331588
27,0.0,0.9005898921729706,1.8357115526006929,-1843.1823572549665,3630.1367753657346,5369.992204775437,52.83236525187936,110.5203387075765,2022-11-10 18:27:00,1620.0,,,,-0.2618274522694012,0.5994788553710343,0.7563540752856093,-0.9651147005605678,-0.16263354117392223,-0.20519246098995864,0.2618274522694012,-0.5994788553710343,-0.7563540752856093,0.9651147005605678,0.16263354117392223,0.20519246098995864,0.0,0.7836934561729253,-0.6211477817329265,0.0,-0.7836934561729253,0.6211477817329265
28,0.0,0.9005898921732652,1.9037008693697746,-2284.2446777061377,3551.5786666019503,5252.522599179286,51.20266558629478,116.11421441599263,2022-11-10 18:28:00,1680.0,,,,-0.3267894779235949,0.5870450029042644,0.7406664577821495,-0.9450971575020339,-0.20298455930582668,-0.25610277539494775,0.3267894779235949,-0.5870450029042644,-0.7406664577821495,0.9450971575020339,0.20298455930582668,0.25610277539494775,0.0,0.7836934561731083,-0.6211477817326956,0.0,-0.7836934561731083,0.6211477817326956
29,0.0,0.9005898921735656,1.9716901861412406,-2714.5616102281374,3456.2744217580776,5110.214417554142,49.30406735160499,121.2776077202651,2022-11-10 18:29:00,1740.0,,,,-0.39024148560745353,0.5718985523731721,0.721556393294632,-0.9207125408676085,-0.24239763312504956,-0.3058296985979063,0.39024148560745353,-0.5718985523731721,-0.721556393294632,0.9207125408676085,0.24239763312504956,0.3058296985979063,0.0,0.7836934561732948,-0.6211477817324602,0.0,-0.7836934561732948,0.6211477817324602
30,0.0,0.9005898921738971,2.039679502917662,-3132.0800089294817,3344.678277941027,4943.747915712013,47.17339724946133,126.01600087916835,2022-11-10 18:30:00,1800.0,,,,-0.45189027839212054,0.5541094919926046,0.699112184973477,-0.8920735262828349,-0.2806906440096122,-0.35414345408432635,0.45189027839212054,-0.5541094919926046,-0.699112184973477,0.8920735262828349,0.2806906440096122,0.35414345408432635,0.0,0.7836934561735007,-0.6211477817322004,0.0,-0.7836934561735007,0.6211477817322004
31,0.0,0.900589891754365,2.1076688196774516,-3534.8114980371943,3217.323786660492,4753.92128929099,44.844739882129396,130.3523363167863,2022-11-10 18:31:00,1860.0,,,,-0.5114509915631555,0.5337600211513845,0.6734375420553406,-0.8593124479658519,-0.3176866490423456,-0.40082079510821356,0.5114509915631555,-0.5337600211513845,-0.6734375420553406,0.8593124479658519,0.3176866490423456,0.40082079510821356,0.0,0.7836934559129093,-0.621147782060985,0.0,-0.7836934559129093,0.621147782060985
32,0.0,0.9005898917546673,2.1756581364494156,-3920.8426281171087,3074.8206382946046,4541.645916424921,42.34850525075297,134.3196502551766,2022-11-10 18:32:00,1920.0,,,,-0.5686484089795283,0.5109441694242983,0.6446511015242006,-0.8225806872064595,-0.35321469801000716,-0.4456460368326508,0.5686484089795283,-0.5109441694242983,-0.6446511015242006,0.8225806872064595,0.35321469801000716,0.4456460368326508,0.0,0.7836934559130971,-0.621147782060748,0.0,-0.7836934559130971,0.621147782060748
33,0.0,0.9005898917549625,2.243647453217902,-4288.344393304954,2917.8510654422935,4307.940972343926,39.71116677766283,137.95551593131586,2022-11-10 18:33:00,1980.0,,,,-0.623218234699781,0.4857673638399745,0.612885878582343,-0.7820479729132278,-0.3871106242234395,-0.4884120521400453,0.623218234699781,-0.4857673638399745,-0.612885878582343,0.7820479729132278,0.3871106242234395,0.4884120521400453,0.0,0.7836934559132804,-0.6211477820605167,0.0,-0.7836934559132804,0.6211477820605167
34,0.0,0.9005898917552586,2.3116367699845943,-4635.581053913737,2747.1658776542454,4053.9274965941777,36.9554128967387,141.29831929433064,2022-11-10 18:34:00,2040.0,,,,-0.67490831428622,0.4583459405456102,0.5782886529171163,-0.7379015973063976,-0.41921780251293106,-0.5289212292476984,0.67490831428622,-0.4583459405456102,-0.5782886529171163,0.7379015973063976,0.41921780251293106,0.5289212292476984,0.0,0.7836934559134644,-0.6211477820602846,0.0,-0.7836934559134644,0.6211477820602846
35,0.0,0.9005898917555575,2.379626086749848,-4960.918222549915,2563.580182087573,3780.821992586604,34.10051326912567,144.38502472581482,2022-11-10 18:35:00,2100.0,,,,-0.7234797999353304,0.4288066075437745,0.5410192902404993,-0.690345550493037,-0.4493878730950795,-0.5669863846950352,0.7234797999353304,-0.4288066075437745,-0.5410192902404993,0.690345550493037,0.4493878730950795,0.5669863846950352,0.0,0.78369345591365,-0.6211477820600504,0.0,-0.78369345591365,0.6211477820600504
36,0.0,0.9005898917558627,2.4476154035138626,-5262.830191057147,2367.968844589065,3489.929641492883,31.16276796827207,147.25000833420876,2022-11-10 18:36:00,2160.0,,,,-0.7687082541388061,0.3972858592039288,0.5012500035864985,-0.6395995778757744,-0.4774814271093891,-0.602431628275535,0.7687082541388061,-0.3972858592039288,-0.5012500035864985,0.6395995778757744,0.4774814271093891,0.602431628275535,0.0,0.7836934559138395,-0.6211477820598112,0.0,-0.7836934559138395,0.6211477820598112
37,0.0,0.9005898917561738,2.5156047202768206,-5539.906490839273,2161.261743917209,3182.637208991214,28.155962821963197,149.9245905221095,2022-11-10 18:37:00,2220.0,,,,-0.8103846867570496,0.3639293455537326,0.4591645575548166,-0.585898164760463,-0.5033686507941787,-0.6350931757844431,0.8103846867570496,-0.3639293455537326,-0.4591645575548166,0.585898164760463,0.5033686507941787,0.6350931757844431,0.0,0.7836934559140328,-0.6211477820595674,0.0,-0.7836934559140328,0.6211477820595674
38,0.0,0.90058989175649,2.5835940370389627,-5790.857693647973,1944.4388684700089,2860.405718476084,25.0917918364463,152.4369929160115,2022-11-10 18:38:00,2280.0,,,,-0.8483165207139082,0.32889119926419447,0.4149574191774492,-0.5294894528542088,-0.5269299253257229,-0.6648201058274176,0.8483165207139082,-0.32889119926419447,-0.4149574191774492,0.5294894528542088,0.5269299253257229,0.6648201058274176,0.0,0.7836934559142292,-0.6211477820593196,0.0,-0.7836934559142292,0.6211477820593196
39,0.0,0.9005898917568144,2.6515833538005196,-6014.520472220202,1718.5253002091013,2524.7629573529175,21.980230837497675,154.81253284113404,2022-11-10 18:39:00,2340.0,,,,-0.88232848185038,0.29233332343857377,0.3688328593319225,-0.47063409366046094,-0.548056379548906,-0.6914750571930575,0.88232848185038,-0.29233332343857377,-0.3688328593319225,0.47063409366046094,0.548056379548906,0.6914750571930575,0.0,0.7836934559144307,-0.6211477820590654,0.0,-0.7836934559144307,0.6211477820590654
40,0.0,0.9005898917571417,2.7195726705617393,-6209.861950010822,1484.5861248040462,2177.295874577666,18.829859452910117,157.07393679003414,2022-11-10 18:40:00,2400.0,,,,-0.9122634088256378,0.2544246434958901,0.32100400885318614,-0.40960404406918055,-0.5666503930454534,-0.7149348635670287,0.9122634088256378,-0.2544246434958901,-0.32100400885318614,0.40960404406918055,0.5666503930454534,0.7149348635670287,0.0,0.783693455914634,-0.6211477820588089,0.0,-0.783693455914634,0.6211477820588089
41,0.0,0.9005898917574666,2.787561987323277,-6375.9833764660325,1243.7213006850375,1819.6429181494766,15.648135111288504,159.24170210002424,2022-11-10 18:41:00,2460.0,,,,-0.937982979323059,0.21534032660572688,0.27169187370544756,-0.34668130970711125,-0.5826260472151928,-0.7350911226549821,0.937982979323059,-0.21534032660572688,-0.27169187370544756,0.34668130970711125,0.5826260472151928,0.7350911226549821,0.0,0.7836934559148359,-0.6211477820585543,0.0,-0.7836934559148359,0.6211477820585543
42,0.0,0.9005898917578029,2.8555513040838085,-6512.123168255676,997.060512946915,1453.4863512048883,12.441625544989611,161.33446740493693,2022-11-10 18:42:00,2520.0,,,,-0.9593683492045865,0.1752609722829834,0.22112431376691716,-0.2821566418577927,-0.5959095222853525,-0.7518506970836539,0.9593683492045865,-0.1752609722829834,-0.22112431376691716,0.2821566418577927,0.5959095222853525,0.7518506970836539,0.0,0.7836934559150448,-0.6211477820582907,0.0,-0.7836934559150448,0.6211477820582907
43,0.0,0.9005898917581282,2.923540620844134,-6617.6593601055065,745.7580316892795,1080.5445759082625,9.216207092929551,163.36937208625554,2022-11-10 18:43:00,2580.0,,,,-0.9763207016633045,0.13437177787728252,0.16953498993945432,-0.21632819396387662,-0.6064394384155068,-0.7651361447681139,0.9763207016633045,-0.13437177787728252,-0.16953498993945432,0.21632819396387662,0.6064394384155068,0.7651361447681139,0.0,0.7836934559152469,-0.6211477820580358,0.0,-0.7836934559152469,0.6211477820580358
44,0.0,0.9005898916680267,2.9915299376042293,-6692.111505345628,490.98758736624995,702.564483859738,5.977235933862082,165.36239683550193,2022-11-10 18:44:00,2640.0,,,,-0.9887617038317255,0.09286168283147192,0.11716228444977686,-0.14950014393231637,-0.6141671393888192,-0.7748860766971953,0.9887617038317255,-0.09286168283147192,-0.11716228444977686,0.14950014393231637,0.6141671393888192,0.7748860766971953,0.0,0.7836934558592805,-0.6211477821286477,0.0,-0.7836934558592805,0.6211477821286477
45,0.0,0.9005898916681547,3.0595192543643694,-6735.142064197099,233.9372704802588,321.31384402832623,2.72969883110294,167.32868439033282,2022-11-10 18:45:00,2700.0,,,,-0.9966338687400647,0.050922495588775304,0.06424819937728023,-0.08198128859814044,-0.619056917162085,-0.781055440819385,0.9966338687400647,-0.050922495588775304,-0.06424819937728023,0.08198128859814044,0.619056917162085,0.781055440819385,0.0,0.78369345585936,-0.6211477821285474,0.0,-0.78369345585936,0.6211477821285474
46,0.0,0.9005898916683457,3.127508571124602,-6746.557315752125,-24.195541940539556,-61.42626819737424,-0.5216506546106707,169.28284343528279,2022-11-10 18:46:00,2760.0,,,,-0.9999008209500142,0.00874800736873985,0.011037238357674374,-0.014083616846806264,-0.6210861772814654,-0.7836157298870463,0.9999008209500142,-0.00874800736873985,-0.011037238357674374,0.014083616846806264,0.6210861772814654,0.7836157298870463,0.0,0.7836934558594786,-0.6211477821283977,0.0,-0.7836934558594786,0.6211477821283977
47,0.0,0.90058989166842,3.195497887884708,-6726.307815547863,-282.2092355803038,-443.8690043736949,-3.7721650666915205,171.23924078410786,2022-11-10 18:47:00,2820.0,,,,-0.9985474646372385,-0.03346690335326976,-0.04222472316647763,0.05387913201363559,-0.6202455430092972,-0.7825551134013241,0.9985474646372385,0.03346690335326976,0.04222472316647763,-0.05387913201363559,0.6202455430092972,0.7825551134013241,0.0,0.7836934558595248,-0.6211477821283395,0.0,-0.7836934558595248,0.6211477821283395
48,0.0,0.9005898916685956,3.2634872046448593,-6674.488418926698,-538.9029881134043,-824.2292451855635,-7.017180021478893,173.21228802247956,2022-11-10 18:48:00,2880.0,,,,-0.9925800533456693,-0.07552717131917612,-0.09529157409147956,0.12159291796937896,-0.6165388987203548,-0.7778784922238072,0.9925800533456693,0.07552717131917612,0.09529157409147956,-0.12159291796937896,0.6165388987203548,0.7778784922238072,0.0,0.7836934558596338,-0.6211477821282019,0.0,-0.7836934558596338,0.6211477821282019
49,0.0,0.9005898916687398,3.331476521404988,-6591.33787865799,-793.081785138666,-1200.7310811396028,-10.251890374353444,175.2167292013352,2022-11-10 18:49:00,2940.0,,,,-0.982026161091324,-0.1172384458388733,-0.14791810487402332,0.18874485140590455,-0.6099833719536372,-0.7696074759303172,0.982026161091324,0.1172384458388733,0.14791810487402332,-0.18874485140590455,0.6099833719536372,0.7696074759303172,0.0,0.7836934558597234,-0.6211477821280889,0.0,-0.7836934558597234,0.6211477821280889
50,0.0,0.900589891669001,3.3994658381652125,-6477.238016010191,-1043.561429700816,-1571.6152819073675,-13.471220679960659,177.26793609992995,2022-11-10 18:50:00,3000.0,,,,-0.9669345549491795,-0.15840798883967272,-0.19986114058766494,0.2550246388983469,-0.6006092542694955,-0.757780282958463,0.9669345549491795,0.15840798883967272,0.19986114058766494,-0.2550246388983469,0.6006092542694955,0.757780282958463,0.0,0.7836934558598857,-0.6211477821278841,0.0,-0.7836934558598857,0.6211477821278841
51,0.0,0.9005898916693368,3.467455154925733,-6332.712454949306,-1289.17355130916,-1935.1467629077256,-16.669684802529435,179.38221699318512,2022-11-10 18:51:00,3060.0,,,,-0.9473749697118635,-0.19884556546396612,-0.2508806645773269,0.32012601700493765,-0.5884598612797461,-0.7424515640088424,0.9473749697118635,0.19884556546396612,0.2508806645773269,-0.32012601700493765,0.5884598612797461,0.7424515640088424,0.0,0.7836934558600942,-0.621147782127621,0.0,-0.7836934558600942,0.621147782127621
52,0.0,0.900589891669659,3.535444471687503,-6158.424901743339,-1528.7706183449568,-2289.6220546750947,-19.841229101082995,-178.42285647786304,2022-11-10 18:52:00,3120.0,,,,-0.9234377856611569,-0.23836432310052375,-0.30074092752076237,0.38374816743955836,-0.5735913324960359,-0.7236921495167699,0.9234377856611569,0.23836432310052375,0.30074092752076237,-0.38374816743955836,0.5735913324960359,0.7236921495167699,0.0,0.7836934558602944,-0.6211477821273685,0.0,-0.7836934558602944,0.6211477821273685
53,0.0,0.9005898916699856,3.6034337884487986,-5955.17694369099,-1761.230954493958,-2633.376775690663,-22.979053038156994,-176.128102320714,2022-11-10 18:53:00,3180.0,,,,-0.895233610943085,-0.2767816547848184,-0.34921153676873684,0.44559710707970857,-0.5560723719229436,-0.7015887223624581,0.895233610943085,0.2767816547848184,0.34921153676873684,-0.44559710707970857,0.5560723719229436,0.7015887223624581,0.0,0.7836934558604972,-0.6211477821271125,0.0,-0.7836934558604972,0.6211477821271125
54,0.0,0.9005898916703083,3.6714231052104287,-5723.905333629176,-1985.463755173488,-2964.7931023422216,-26.0754004345254,-173.71236379079636,2022-11-10 18:54:00,3240.0,,,,-0.8628927704716587,-0.313920042986285,-0.3960685209395393,0.505387046398842,-0.5359839305917722,-0.676243417328146,0.8628927704716587,0.313920042986285,0.3960685209395393,-0.505387046398842,0.5359839305917722,0.676243417328146,0.0,0.7836934558606977,-0.6211477821268596,0.0,-0.7836934558606977,0.6211477821268596
55,0.0,0.9005898916706251,3.7394124219726543,-5465.678725219975,-2200.414095238558,-3282.3072227495945,-29.12131411530028,-171.1521385236236,2022-11-10 18:55:00,3300.0,,,,-0.8265647037288057,-0.3496078798736035,-0.44109536483621714,0.5628417100301927,-0.5134188325052873,-0.6477733491578641,0.8265647037288057,0.3496078798736035,0.44109536483621714,-0.5628417100301927,0.5134188325052873,0.6477733491578641,0.0,0.7836934558608945,-0.6211477821266114,0.0,-0.7836934558608945,0.6211477821266114
56,0.0,0.9005898916709334,3.807401738735713,-5181.693818797432,-2405.0679128637353,-3584.416751607142,-32.10634675110602,-168.42122610709515,2022-11-10 18:56:00,3360.0,,,,-0.786417274239218,-0.3836802602747766,-0.48408400991319483,0.6176956133713096,-0.4884813457195554,-0.6163100713973881,0.786417274239218,0.3836802602747766,0.48408400991319483,-0.6176956133713096,0.4884813457195554,0.6163100713973881,0.0,0.783693455861086,-0.6211477821263698,0.0,-0.783693455861086,0.6211477821263698
57,0.0,0.9005898916712374,3.875391055499848,-4873.2708794698665,-2598.45694839358,-3869.688074144804,-35.01822198889499,-165.4904418493499,2022-11-10 18:57:00,3420.0,,,,-0.7426359939121429,-0.4159797436654823,-0.5248358156663122,0.6696952893265142,-0.46128670054556287,-0.5819989685159799,0.7426359939121429,0.4159797436654823,0.5248358156663122,-0.6696952893265142,0.46128670054556287,0.5819989685159799,0.0,0.7836934558612748,-0.6211477821261315,0.0,-0.7836934558612748,0.6211477821261315
58,0.0,0.9005898916715377,3.943380372265245,-4541.848591431578,-2779.6636103956785,-4136.763577547871,-37.842443717948434,-162.32748046954657,2022-11-10 18:58:00,3480.0,,,,-0.6954231658341611,-0.44635708166499555,-0.5631624775042292,0.7186004595191914,-0.43196055709685843,-0.5449985841186918,0.6954231658341611,0.44635708166499555,0.5631624775042292,-0.7186004595191914,0.43196055709685843,0.5449985841186918,0.0,0.7836934558614613,-0.6211477821258962,0.0,-0.7836934558614613,0.6211477821258962
59,0.0,0.9005898916718323,4.011369689032133,-4188.978217934441,-2947.825734793855,-4384.368718740306,-40.56185953516632,-158.89706731344236,2022-11-10 18:59:00,3540.0,,,,-0.6449969494737465,-0.4746719076781957,-0.5988868968600862,0.764185144562207,-0.4006384246434374,-0.5054798883532988,0.6449969494737465,0.4746719076781957,0.5988868968600862,-0.764185144562207,0.4006384246434374,0.5054798883532988,0.0,0.7836934558616443,-0.6211477821256652,0.0,-0.7836934558616443,0.6211477821256652
60,0.0,0.9005898916721271,4.079359005801225,-3816.317044483502,-3102.1411970580752,-4611.318868693235,-43.156200208875056,-155.16160970748496,2022-11-10 19:00:00,3600.0,,,,-0.5915903526168762,-0.5007933854970191,-0.631843999522884,0.8062387082562088,-0.36746503545477627,-0.46362548789683683,0.5915903526168762,0.5007933854970191,0.631843999522884,-0.8062387082562088,0.36746503545477627,0.46362548789683683,0.0,0.7836934558618275,-0.6211477821254343,0.0,-0.7836934558618275,0.6211477821254343
61,0.0,0.9005898916724336,4.1473483225744605,-3425.6210934476967,-3241.872332308294,-4816.525865856113,-45.601644258127365,-151.08265351059163,2022-11-10 19:01:00,3660.0,,,,-0.5354501546916752,-0.5246008138642257,-0.6618814984071191,0.8445668308906413,-0.33259367602532613,-0.419628782172171,0.5354501546916752,0.5246008138642257,0.6618814984071191,-0.8445668308906413,0.33259367602532613,0.419628782172171,0.0,0.7836934558620178,-0.6211477821251941,0.0,-0.7836934558620178,0.6211477821251941
62,0.0,0.900589884895068,4.215337639332363,-3018.7371102761813,-3366.350114658337,-4999.004204555791,-47.870499804192875,-146.62353797430086,2022-11-10 19:02:00,3720.0,,,,-0.47683576647794257,-0.5459841888677164,-0.6888605935266255,0.878992407138647,-0.29618548131839556,-0.3736930677023556,0.47683576647794257,0.5459841888677164,0.6888605935266255,-0.878992407138647,0.29618548131839556,0.3736930677023556,0.0,0.7836934516522721,-0.6211477874365712,0.0,-0.7836934516522721,0.6211477874365712
63,0.0,0.9005898848953836,4.283326956106913,-2597.593842095997,-3474.978041016088,-5157.876786234564,-49.93115576814062,-141.75366750657645,2022-11-10 19:03:00,3780.0,,,,-0.41601803136757,-0.5648446937731265,-0.7126566280428427,0.9093563644562299,-0.25840867971758125,-0.3260306069521157,0.41601803136757,0.5648446937731265,0.7126566280428427,-0.9093563644562299,0.25840867971758125,0.3260306069521157,0.0,0.7836934516524682,-0.6211477874363238,0.0,-0.7836934516524682,0.6211477874363238
64,0.0,0.9005898848956823,4.351316272877697,-2164.1926287064116,-3567.235673959536,-5292.380142157339,-51.74852240296666,-136.4546680768957,2022-11-10 19:04:00,3840.0,,,,-0.35327797394987365,-0.581095183065081,-0.7331596424656996,0.9355183980670142,-0.2194378318688686,-0.27686163479763276,0.35327797394987365,0.581095183065081,0.7331596424656996,-0.9355183980670142,0.2194378318688686,0.27686163479763276,0.0,0.7836934516526537,-0.6211477874360898,0.0,-0.7836934516526537,0.6211477874360898
65,0.0,0.9005898848959775,4.4193055896463775,-1720.5973693898368,-3642.6817816051944,-5401.86906732394,-53.28522795165866,-130.7282068203069,2022-11-10 19:05:00,3900.0,,,,-0.288905501398368,-0.594660567022786,-0.7502748971476363,0.9573576193156649,-0.1794530129716436,-0.22641334959238058,0.288905501398368,0.594660567022786,0.7502748971476363,-0.9573576193156649,0.1794530129716436,0.22641334959238058,0.0,0.7836934516528371,-0.6211477874358584,0.0,-0.7836934516528371,0.6211477874358584
66,0.0,0.9005898848962712,4.487294906413496,-1268.9239204835826,-3700.9570326416797,-5485.820579433404,-54.503804676872235,-124.6043046439205,2022-11-10 19:06:00,3960.0,,,,-0.22319806389712296,-0.6054781631706516,-0.7639233064883343,0.9747731142540688,-0.13863898354961388,-0.1749188610978075,0.22319806389712296,0.6054781631706516,0.7639233064883343,-0.9747731142540688,0.13863898354961388,0.1749188610978075,0.0,0.7836934516530195,-0.6211477874356282,0.0,-0.7836934516530195,0.6211477874356282
67,0.0,0.9005898848965679,4.555284223179346,-811.3290088893414,-3741.786198670008,-5543.8371417053995,-55.369908081055286,-118.14770845265967,2022-11-10 19:07:00,4020.0,,,,-0.15645928019210387,-0.6134979859196851,-0.774041804371223,0.9876844099416416,-0.09718433571505994,-0.12261611333692563,0.15645928019210387,0.6134979859196851,0.774041804371223,-0.9876844099416416,0.09718433571505994,0.12261611333692563,0.0,0.7836934516532038,-0.6211477874353957,0.0,-0.7836934516532038,0.6211477874353957
68,0.0,0.9005898848968682,4.623273539944176,-349.9987567426974,-3764.9798259665777,-5575.649091995655,-55.85623212084638,-111.45898768702509,2022-11-10 19:08:00,4080.0,,,,-0.08899753463957956,-0.6186829775393041,-0.7805836355773658,0.9960318462921137,-0.05528062172855888,-0.06974678511033428,0.08899753463957956,0.6186829775393041,0.7805836355773658,-0.9960318462921137,0.05528062172855888,0.06974678511033428,0.0,0.7836934516533903,-0.6211477874351603,0.0,-0.7836934516533903,0.6211477874351603
69,0.0,0.900589884897172,4.691262856708288,112.86307470721476,-3770.4353463109965,-5581.116233556235,-55.94631248344331,-104.66759273251334,2022-11-10 19:09:00,4140.0,,,,-0.02112455223383925,-0.6210091793924746,-0.7835185718304353,0.9997768517488889,-0.013121468880602696,-0.016555173254773806,0.02112455223383925,0.6210091793924746,0.7835185718304353,-0.9997768517488889,0.013121468880602696,0.016555173254773806,0.0,0.7836934516535791,-0.6211477874349223,0.0,-0.7836934516535791,0.6211477874349223
70,0.0,0.9005898848974765,4.759252173472307,575.0470045802217,-3758.1376059193954,-5560.228556859852,-55.63712708173322,-97.91681757636549,2022-11-10 19:10:00,4200.0,,,,0.04684604180157176,-0.6204658426429649,-0.7828330514745024,0.998902121515179,0.029098315215118995,0.03671293619579048,-0.04684604180157176,0.6204658426429649,0.7828330514745024,-0.998902121515179,-0.029098315215118995,-0.03671293619579048,0.0,0.7836934516537682,-0.6211477874346836,0.0,-0.7836934516537682,0.6211477874346836
71,0.0,0.9005898848977718,4.827241490240761,1034.3497917749528,-3728.1588019080064,-5513.106077426715,-54.93960535167896,-91.34442224543834,2022-11-10 19:11:00,4260.0,,,,0.1146001712064161,-0.6170554779228912,-0.7785302421388731,0.9934116975149125,0.07118364278447477,0.08981140373289004,-0.1146001712064161,0.6170554779228912,0.7785302421388731,-0.9934116975149125,-0.07118364278447477,-0.08981140373289004,0.0,0.7836934516539517,-0.6211477874344522,0.0,-0.7836934516539517,0.6211477874344522
72,0.0,0.9005898848980349,4.895230807005017,1488.586308662023,-3680.657826823508,-5439.997791161597,-53.876859574487575,-85.0650248322006,2022-11-10 19:12:00,4320.0,,,,0.18182475993993302,-0.6107938437327878,-0.7706300261026121,0.9833309497177366,0.1129400473374523,0.14249487371350697,-0.18182475993993302,0.6107938437327878,0.7706300261026121,-0.9833309497177366,-0.1129400473374523,-0.14249487371350697,0.0,0.7836934516541151,-0.6211477874342459,0.0,-0.7836934516541151,0.6211477874342459
73,0.0,0.900589884898371,4.963220123765573,1935.6012047520433,-3615.8790321277747,-5341.279764174869,-52.48076698263609,-79.15939041802655,2022-11-10 19:13:00,4380.0,,,,0.24820917885452703,-0.6017098736244448,-0.7591689084223721,0.9687064589091793,0.15417458226629513,0.1945199081087897,-0.24820917885452703,0.6017098736244448,0.7591689084223721,-0.9687064589091793,-0.15417458226629513,-0.1945199081087897,0.0,0.7836934516543238,-0.6211477874339826,0.0,-0.7836934516543238,0.6211477874339826
74,0.0,0.9005898844704756,5.0312094405253465,2373.2802421046163,-3534.1504342632506,-5217.452392840965,-50.787975767667064,-73.67222919342582,2022-11-10 19:14:00,4440.0,,,,0.31344668103377393,-0.5898455428240437,-0.7441998479975126,0.9496058014507449,0.1946967125077648,0.24564611128564035,-0.31344668103377393,0.5898455428240437,0.7441998479975126,-0.9496058014507449,-0.1946967125077648,-0.24564611128564035,0.0,0.7836934513885375,-0.6211477877693214,0.0,-0.7836934513885375,0.6211477877693214
75,0.0,0.9005898844707833,5.099198757285626,2799.5611913868506,-3435.881391574652,-5069.136877582954,-48.8363102731015,-68.61667772055134,2022-11-10 19:15:00,4500.0,,,,0.3772358191943385,-0.5752556729935477,-0.7257920138755432,0.9261172370260562,0.23431919455982014,0.2956372411318655,-0.3772358191943385,0.5752556729935477,0.7257920138755432,-0.9261172370260562,-0.23431919455982014,-0.2956372411318655,0.0,0.7836934513887286,-0.6211477877690803,0.0,-0.7836934513887286,0.6211477877690803
76,0.0,0.9005898844710328,5.167188074045833,3212.444193825922,-3321.559800389317,-4897.070981265245,-46.66212006903042,-63.98213314277248,2022-11-10 19:16:00,4560.0,,,,0.439281838603471,-0.5580076808443928,-0.7040304641077801,0.8983493008140843,0.27285894225559426,0.34426230022760873,-0.439281838603471,0.5580076808443928,0.7040304641077801,-0.8983493008140843,-0.27285894225559426,-0.34426230022760873,0.0,0.7836934513888837,-0.6211477877688847,0.0,-0.7836934513888837,0.6211477877688847
77,0.0,0.9005898844713516,5.235177390806403,3610.001503198587,-3191.748848305696,-4702.104131644275,-44.29867347597363,-59.74250531740234,2022-11-10 19:17:00,4620.0,,,,0.49929803907462467,-0.5381812653259562,-0.6790157537409476,0.8664303019725444,0.31013787240842056,0.39129660351419315,-0.49929803907462467,0.5381812653259562,0.6790157537409476,-0.8664303019725444,-0.31013787240842056,-0.39129660351419315,0.0,0.7836934513890816,-0.6211477877686349,0.0,-0.7836934513890816,0.6211477877686349
78,0.0,0.9005898843822446,5.303166707566517,3990.3865443041504,-3047.083385697654,-4485.191957505544,-41.77542135910812,-55.863175574305025,2022-11-10 19:18:00,4680.0,,,,0.5570070997401224,-0.5158680397394478,-0.6508634698725047,0.830507730752157,0.34598372781389763,0.4365228164127294,-0.5570070997401224,0.5158680397394478,0.6508634698725047,-0.830507730752157,-0.34598372781389763,-0.4365228164127294,0.0,0.783693451333733,-0.6211477878384675,0.0,-0.783693451333733,0.6211477878384675
79,0.0,0.9005898843824475,5.3711560243274254,4351.842236255224,-2888.265966298491,-4247.390335439594,-39.11786435569839,-52.306081871744986,2022-11-10 19:19:00,4740.0,,,,0.6121423604890749,-0.49117110817771387,-0.6197036977349256,0.7907475769769159,0.3802308730599092,0.4797319591993384,-0.6121423604890749,0.49117110817771387,0.6197036977349256,-0.7907475769769159,-0.3802308730599092,-0.4797319591993384,0.0,0.783693451333859,-0.6211477878383085,0.0,-0.783693451333859,0.6211477878383085
80,0.0,0.9005898843826943,5.4391453410876265,4692.708555041939,-2716.0626200425413,-3989.8490411261623,-36.347777434189524,-49.03303508184689,2022-11-10 19:20:00,4800.0,,,,0.6644490541375521,-0.46420458946348314,-0.5856804193216225,0.7473335630464568,0.41272106010866844,0.5207243724726782,-0.6644490541375521,0.46420458946348314,0.5856804193216225,-0.7473335630464568,-0.41272106010866844,-0.5207243724726782,0.0,0.7836934513340124,-0.6211477878381151,0.0,-0.7836934513340124,0.6211477878381151
81,0.0,0.9005898843829498,5.50713465784784,5011.429317867008,-2531.298409859726,-3713.8050827748043,-33.48360973511736,-46.007649422413145,2022-11-10 19:21:00,4860.0,,,,0.7136854836524078,-0.4350930895910787,-0.5489508482677828,0.7004662949948618,0.44330415938272544,0.5593106398506527,-0.7136854836524078,0.4350930895910787,0.5489508482677828,-0.7004662949948618,-0.44330415938272544,-0.5593106398506527,0.0,0.7836934513341711,-0.6211477878379148,0.0,-0.7836934513341711,0.6211477878379148
82,0.0,0.9005898842358634,5.575123974608471,5306.558196414436,-2334.8528308331433,-3420.5758033932316,-30.540943196177174,-43.19630432842069,2022-11-10 19:22:00,4920.0,,,,0.7596241389747561,-0.4039711260876959,-0.5096847032963608,0.6503623355383217,0.47183885360001293,0.5953124631204735,-0.7596241389747561,0.4039711260876959,0.5096847032963608,-0.6503623355383217,-0.47183885360001293,-0.5953124631204735,0.0,0.7836934512428086,-0.6211477879531855,0.0,-0.7836934512428086,0.6211477879531855
83,0.0,0.9005898842361124,5.64311329137343,5576.763977715495,-2127.6551011347506,-3111.551825760949,-27.532944156962735,-40.56848436208435,2022-11-10 19:23:00,4980.0,,,,0.8020527482932419,-0.37098250613126915,-0.46806342422776476,0.5972532033863507,0.4981932904239637,0.6285634863888346,-0.8020527482932419,0.37098250613126915,0.46806342422776476,-0.5972532033863507,-0.4981932904239637,-0.6285634863888346,0.0,0.7836934512429634,-0.6211477879529903,0.0,-0.7836934512429634,0.6211477879529903
84,0.0,0.9005898842364297,5.711102608135594,5820.835099982854,-1910.6793887231993,-2788.189905115108,-24.470775919560587,-38.09674890357716,2022-11-10 19:24:00,5040.0,,,,0.8407752588937297,-0.33627966252612035,-0.4242793332269442,0.541384303459365,0.5222456922272338,0.6589100643622888,-0.8407752588937297,0.33627966252612035,0.4242793332269442,-0.541384303459365,-0.5222456922272338,-0.6589100643622888,0.0,0.7836934512431605,-0.6211477879527416,0.0,-0.7836934512431605,0.6211477879527416
85,0.0,0.9005898842367273,5.7790919249013095,6037.683511703022,-1684.9400156125935,-2452.0057521918898,-21.363960507147144,-35.75649952373486,2022-11-10 19:25:00,5100.0,,,,0.8756127430881153,-0.30002294901685583,-0.3785347463641023,0.4830137929104159,0.5438849184722109,0.6862119725833776,-0.8756127430881153,0.30002294901685583,0.3785347463641023,-0.4830137929104159,-0.5438849184722109,-0.6862119725833776,0.0,0.7836934512433452,-0.6211477879525085,0.0,-0.7836934512433452,0.6211477879525085
86,0.0,0.9005898842370327,5.847081241665114,6226.347896465843,-1451.486668675188,-2104.566869092937,-18.220688914485493,-33.52564995436842,2022-11-10 19:26:00,5160.0,,,,0.9064042249828742,-0.26237989942461554,-0.33104103871140156,0.42241138826172175,0.5630109793387031,0.7103430552985502,-0.9064042249828742,0.26237989942461554,0.33104103871140156,-0.42241138826172175,-0.5630109793387031,-0.7103430552985502,0.0,0.783693451243535,-0.6211477879522691,0.0,-0.783693451243535,0.6211477879522691
87,0.0,0.9005898842373347,5.915070558429246,6385.996320284049,-1211.3996430256082,-1747.4854368218382,-15.048084543317353,-31.38426032807569,2022-11-10 19:27:00,5220.0,,,,0.9330074243216977,-0.22352445350226713,-0.282017667615177,0.35985711909116325,0.5795354977602458,0.7311918084026876,-0.9330074243216977,0.22352445350226713,0.282017667615177,-0.35985711909116325,-0.5795354977602458,-0.7311918084026876,0.0,0.7836934512437226,-0.6211477879520324,0.0,-0.7836934512437226,0.6211477879520324
88,0.0,0.9005898842376353,5.983059875194194,6515.928354886093,-965.7851344090391,-1382.4112785614732,-11.852426678041066,-29.314169333505188,2022-11-10 19:28:00,5280.0,,,,0.9552994139242164,-0.18363615320427504,-0.23169115864094783,0.2956400340888372,0.593382117790675,0.748661894669553,-0.9552994139242164,0.18363615320427504,0.23169115864094783,-0.2956400340888372,-0.593382117790675,-0.748661894669553,0.0,0.7836934512439093,-0.6211477879517968,0.0,-0.7836934512439093,0.6211477879517968
89,0.0,0.9005898842379328,6.051049191960299,6615.5767311424415,-715.7705904912408,-1011.0249132750271,-8.639341333140711,-27.29864053540694,2022-11-10 19:29:00,5340.0,,,,0.9731771877047424,-0.1428993130643906,-0.18029405885057312,0.23005686542915568,0.6044868574277243,0.7626725889043511,-0.9731771877047424,0.1428993130643906,0.18029405885057312,-0.23005686542915568,-0.6044868574277243,-0.7626725889043511,0.0,0.7836934512440941,-0.6211477879515637,0.0,-0.7836934512440941,0.6211477879515637
90,0.0,0.9005898842382281,6.1190385087280035,6684.508572777036,-462.500124153016,-635.0307040228912,-5.413966487327805,-25.322028683551224,2022-11-10 19:30:00,5400.0,,,,0.9865581366394567,-0.10150216852103577,-0.12806386225633853,0.16341065764044643,0.6127984042589868,0.7731591509560993,-0.9865581366394567,0.10150216852103577,0.12806386225633853,-0.16341065764044643,-0.6127984042589868,-0.7731591509560993,0.0,0.7836934512442775,-0.6211477879513323,0.0,-0.7836934512442775,0.6211477879513323
91,0.0,0.9005898842385236,6.187027825498356,6722.426254938025,-207.12998600495084,-256.1500966869722,-2.1810981148802284,-23.369465791484746,2022-11-10 19:31:00,5460.0,,,,0.9953804304834567,-0.05963600612493295,-0.07524191241612181,0.09600936730636436,0.6182783525646135,0.7800731248667776,-0.9953804304834567,0.05963600612493295,0.07524191241612181,-0.09600936730636436,-0.6182783525646135,-0.7800731248667776,0.0,0.7836934512444611,-0.6211477879511007,0.0,-0.7836934512444611,0.6211477879511007
92,0.0,0.9005898842389032,6.25501714227854,6729.1679246764725,49.175911646378985,123.8850625685161,1.0546772021635482,-21.426563386099318,2022-11-10 19:32:00,5520.0,,,,0.999603303473851,-0.017494279645129743,-0.02207228723676541,0.02816444006481006,0.6209013807810979,0.7833825627750223,-0.999603303473851,0.017494279645129743,0.02207228723676541,-0.02816444006481006,-0.6209013807810979,-0.7833825627750223,0.0,0.7836934512446968,-0.6211477879508032,0.0,-0.7836934512446968,0.6211477879508032
93,0.0,0.900589884144084,6.323006459045831,6704.707711439837,305.2504309692134,503.3391485041062,4.288857812888369,-19.479125525362104,2022-11-10 19:33:00,5580.0,,,,0.9992072426981947,0.024728283816328175,0.031199328822429463,-0.03981062847369978,0.6206553685806553,0.7830721724799956,-0.9992072426981947,-0.024728283816328175,-0.031199328822429463,0.03981062847369978,-0.6206553685806553,-0.7830721724799956,0.0,0.7836934511858001,-0.6211477880251124,0.0,-0.7836934511858001,0.6211477880251124
